{"count":1,"self":7.8082832,"total":7.8936044999999995,"children":{"InitializeActuators":{"count":200,"self":0.0025835999999999997,"total":0.0025835999999999997,"children":null},"InitializeSensors":{"count":200,"self":0.0035175,"total":0.0035175,"children":null},"AgentSendState":{"count":146,"self":0.014065399999999999,"total":0.0457543,"children":{"CollectObservations":{"count":3100,"self":0.019090799999999998,"total":0.019090799999999998,"children":null},"WriteActionMask":{"count":3100,"self":0.0045233999999999995,"total":0.0045233999999999995,"children":null},"RequestDecision":{"count":3100,"self":0.0080746999999999989,"total":0.0080746999999999989,"children":null}}},"DecideAction":{"count":146,"self":0.025455799999999997,"total":0.025455799999999997,"children":null},"AgentAct":{"count":146,"self":0.0080102,"total":0.0080102,"children":null}},"gauges":{},"metadata":{"timer_format_version":"0.1.0","start_time_seconds":"1778598395","unity_version":"6000.2.9f1","command_line_arguments":"C:\\Program Files\\Unity\\Hub\\Editor\\6000.2.9f1\\Editor\\Unity.exe -projectpath C:\\UnityProjects\\TFG_agenticIA -acceptSoftwareTermsForThisRunOnly -useHub -hubIPC -cloudEnvironment production","communication_protocol_version":"1.5.0","com.unity.ml-agents_version":"4.0.2","scene_name":"Training Scene","end_time_seconds":"1778598403"}}